{
  "JHIKLIHJGGG1G1GG5G5G7A1C91AAA1AAAADB1EFCBD[w]": {
    "x": 50.8,
    "y": 518.4000000000001
  },
  "JHIKLIHJGGG1G1GG5G5G7A1C6A3AAA2AAADB1EFCBD[b]": {
    "x": 50.8,
    "y": 648.0
  },
  "JHIKLIHJGGG3GG5G5GG6A1C6A3AAA2AAADB1EFCBD[w]": {
    "x": 10.8,
    "y": 777.6000000000001
  },
  "JH2LIHJGG3GGG2G1G5AG1I5A1C3K2A3AA3AAADB2FCBD[w]": {
    "x": 410.8,
    "y": 1555.2
  },
  "JH2LIHJGG3GGG2G1G5AG1I5A1C3A2A4A3AAADB2FCBD[b]": {
    "x": 410.8,
    "y": 1684.8000000000002
  },
  "J1I1LI1JGG2GGGG2H2H2KBGG7A1C6A3AAA2AAAD2EFCBD[w]": {
    "x": 170.8,
    "y": 1296.0
  },
  "J1I1LI1JGG2GGGG2H2H2KBGG7A1C4A1A3AA3AAAD2EFCBD[b]": {
    "x": 170.8,
    "y": 1425.6000000000001
  },
  "J1I1LI1JGG3GGG2H2H2KBGGG6A1C4A1A3AA3AAAD2EFCBD[w]": {
    "x": 170.8,
    "y": 1555.2
  },
  "JH1KLI1JG1G2GGG1G2GH5G1I4AA1C3EB1A3AA3AAAD3FCBD[b]": {
    "x": 90.8,
    "y": 1425.6000000000001
  },
  "JH1KL2JG1G1IGGG1G2GH5G1I4AA1C3EB1A3AA3AAAD3FCBD[w]": {
    "x": 90.8,
    "y": 1555.2
  },
  "JH1KL2JG1G1IGGG1G2GH5A1I5A1C3EB1A3AA3AAAD3FCBD[b]": {
    "x": 90.8,
    "y": 1684.8000000000002
  },
  "JHIKLI1JGGG1GGGG5H5G7A1C91AAA1AAAADB1EFCBD[w]": {
    "x": 170.8,
    "y": 518.4000000000001
  },
  "JHIKLI1JGGG1GGGG5H5G7A1C6A3AAA2AAADB1EFCBD[b]": {
    "x": 170.8,
    "y": 648.0
  },
  "JHIKLI1JGG2GGGG5H4GG7A1C6A3AAA2AAADB1EFCBD[w]": {
    "x": 170.8,
    "y": 777.6000000000001
  },
  "JH1KLI1JGGG1GGGG5H5G1I5A1C6A3AAA2AAADB1EFCBD[w]": {
    "x": 90.8,
    "y": 777.6000000000001
  },
  "JHIKLIHJGGG1GGGG92G7A1C91AAA1AAAADB1EFCBD[b]": {
    "x": 330.8,
    "y": 388.8000000000002
  },
  "JHIKLIHJGG2GGGG91GG7A1C91AAA1AAAADB1EFCBD[w]": {
    "x": 250.8,
    "y": 518.4000000000001
  },
  "J1IKLIHJGGG1GGGG2H8G7A1C91AAA1AAAADB1EFCBD[w]": {
    "x": 330.8,
    "y": 518.4000000000001
  },
  "JHIKLIHJGG2GGGG2G8G7A1C91AAA1AAAADB1EFCBD[w]": {
    "x": 410.8,
    "y": 518.4000000000001
  },
  "JH1KLIHJGGG1GGGG92G1I5A1C91AAA1AAAADB1EFCBD[w]": {
    "x": 490.8,
    "y": 518.4000000000001
  },
  "JHIKLIHJGGG2GGG4G6G7A1C91AAA1AAAADB1EFCBD[w]": {
    "x": 570.8,
    "y": 518.4000000000001
  },
  "JHIKLIHJGG2GGGG91GG7A1C6A3AAA2AAADB1EFCBD[b]": {
    "x": 250.8,
    "y": 648.0
  },
  "J1IKLIHJGGG1GGGG2H8G7A1C6A3AAA2AAADB1EFCBD[b]": {
    "x": 330.8,
    "y": 648.0
  },
  "JHIKLIHJGG2GGGG2G8G7A1C6A3AAA2AAADB1EFCBD[b]": {
    "x": 410.8,
    "y": 648.0
  },
  "JH1KLIHJGGG1GGGG92G1I4AA1C91AA2AAAADB1EFCBD[b]": {
    "x": 490.8,
    "y": 648.0
  },
  "JHIKLIHJGGG2GGG4G6G7A1C6A3AAA2AAADB1EFCBD[b]": {
    "x": 570.8,
    "y": 648.0
  },
  "J1IKLIHJGG2GGGG2H7GG7A1C6A3AAA2AAADB1EFCBD[w]": {
    "x": 250.8,
    "y": 777.6000000000001
  },
  "J1IKLIHJGG2GGGG2H7GG7A1C4B1A3AAA2AAAD2EFCBD[b]": {
    "x": 250.8,
    "y": 907.2
  },
  "J1IKLI1JGG2GGGG2H2H4GG7A1C4B1A3AAA2AAAD2EFCBD[w]": {
    "x": 210.8,
    "y": 1036.8000000000002
  },
  "JHIKL1HJGGG2GGG3IG6G7A1C6A3AAA2AAADB1EFCBD[w]": {
    "x": 570.8,
    "y": 777.6000000000001
  },
  "JHIKL1HJGGG2GGG3IG6G7A1CE5A3AAA2AAADB2FCBD[b]": {
    "x": 570.8,
    "y": 907.2
  },
  "JHIKL1HJGGG2GGG4G6G7A1IE5A3AAA2AAADB2FCBD[w]": {
    "x": 570.8,
    "y": 1036.8000000000002
  },
  "JHIKLIHJGGG4G6G4GE8C6A3AAA2AAADB2FCBD[b]": {
    "x": 10.8,
    "y": 1425.6000000000001
  },
  "J1IKLIHJGGG3GG92GC96A3AAA2AAADB1EFC1D[b]": {
    "x": 330.8,
    "y": 1684.8000000000002
  },
  "J1IKLIHJGGG1G1GG2H2G5G7A1C6A3AAA2AAADB1EFCBD[w]": {
    "x": 330.8,
    "y": 777.6000000000001
  },
  "JH1KL2JG1G1IGGG1G3H5G1I5A1C3EB1A3AA3AAAD3FCBD[w]": {
    "x": 90.8,
    "y": 1814.4
  },
  "JH1KL2JG1G1IGGG1G3H3B1G1I5A1C3E2A3AA3AAAD3FCBD[b]": {
    "x": 90.8,
    "y": 1944.0
  },
  "1J1KLIHJG3GGGG2G6G3E4GA8A3AA3AAADB2FCBD[b]": {
    "x": 490.8,
    "y": 1684.8000000000002
  },
  "J1I1LI1JGG1H1GGG8KBGGA94A1A3AA3AAAD2EFCBD[w]": {
    "x": 170.8,
    "y": 2073.6000000000004
  },
  "J1I1LI1JGG1H1GGG8KBGEA94A1A3AA3AAAD3FCBD[b]": {
    "x": 170.8,
    "y": 2203.2
  },
  "J1IKLI1JGG3GGG5H3BGGH6A8A3AAA2AAAD2EFCBD[w]": {
    "x": 250.8,
    "y": 1555.2
  },
  "J1IKLI1JGG3GGG5H3BGGA96A3AAA2AAAD2EFCBD[b]": {
    "x": 250.8,
    "y": 1684.8000000000002
  },
  "J1IKLI1JGG3GGG9BGGA7H7A3AAA2AAAD2EFCBD[w]": {
    "x": 250.8,
    "y": 1814.4
  },
  "JH1KLIHJG1G1GGGG9G3I4GA1C6A3AA3AAADB1EFCBD[w]": {
    "x": 490.8,
    "y": 1036.8000000000002
  },
  "JH1KLIHJG1G1GGGG9G3I4GA1C6AE2AA3AAADB2FCBD[b]": {
    "x": 490.8,
    "y": 1166.4
  },
  "JH1KLIHJG3GGGG2G6G3I4GA1C6AE2AA3AAADB2FCBD[w]": {
    "x": 490.8,
    "y": 1296.0
  },
  "J2L1I1JGG3GGG4I5GBA5A1H7A3AA3AAAD3FCBD[b]": {
    "x": 250.8,
    "y": 2721.6
  },
  "J1IKLIHJGGG3GG2H2G5GG6A1C6AB2AAA2AAADB1EFC1D[w]": {
    "x": 330.8,
    "y": 1036.8000000000002
  },
  "J1IKLIHJGGG3GG2H2G5GA8C6AB2AAA2AAADB1EFC1D[b]": {
    "x": 330.8,
    "y": 1166.4
  },
  "J1IKLIHJGGG3GG2H8GG8C6AB2AAA2AAADB1EFC1D[w]": {
    "x": 330.8,
    "y": 1296.0
  },
  "JH1KLI1JGGG2GGG4GH5G1I4AA1C6A3AA3AAADB1EFCBD[w]": {
    "x": 90.8,
    "y": 1036.8000000000002
  },
  "JH1KLI1JGGG2GGG4GH5G1I4AA1C3E2A3AA3AAADB2FCBD[b]": {
    "x": 90.8,
    "y": 1166.4
  },
  "JH1KLI1JG1G2GGG1G2GH5G1I4AA1C3E2A3AA3AAADB2FCBD[w]": {
    "x": 90.8,
    "y": 1296.0
  },
  "JHIKLI1JGG2GGGG5H4GG7A1C4B1A3AAA2AAAD2EFCBD[b]": {
    "x": 170.8,
    "y": 907.2
  },
  "J1IKLI1JGG2GGGG2H2H3BGG7A1C6A3AAA2AAAD2EFCBD[b]": {
    "x": 210.8,
    "y": 1166.4
  },
  "JH1KL2JG1G2GGG1G1C1H3B1G1I5A5E2A3AA3AAAD3FCBD[b]": {
    "x": 90.8,
    "y": 2203.2
  },
  "JH1KL2JG4GGG1G1G1H3B1G1I5A5E2A3AA3AAAD3FCBD[w]": {
    "x": 90.8,
    "y": 2332.8
  },
  "JH1KL2JG4GGG1G1G1H3B1G1I5A5E2A3AA3AAA2D1FCBD[b]": {
    "x": 90.8,
    "y": 2462.4
  },
  "JHI1L2JGGG2G1G4GH5G7A1A91AAA2AAADB2FCBD[b]": {
    "x": 570.8,
    "y": 1684.8000000000002
  },
  "JHI1L1HJGGG2G1G4GE5G7A1I6A3AAA2AAADB2FCBD[b]": {
    "x": 570.8,
    "y": 1425.6000000000001
  },
  "JHI1L2JGGG2G1G4GH5G7A1I6A3AAA2AAADB2FCBD[w]": {
    "x": 570.8,
    "y": 1555.2
  },
  "JHI1L1HJGGG2GEG4GK5G7A1I6A3AAA2AAADB2FCBD[w]": {
    "x": 570.8,
    "y": 1296.0
  },
  "JH2LIHJGG3GGG1KG1G6G1I4AA1C3E2A3AA3AAADB2FCBD[w]": {
    "x": 410.8,
    "y": 1296.0
  },
  "JH2LIHJGG3GGG1KG1G5AG1I5A1C3E2A3AA3AAADB2FCBD[b]": {
    "x": 410.8,
    "y": 1425.6000000000001
  },
  "J1IKLIHJGGG3GG2H8GB8C6A3AAA2AAADB1EFC1D[b]": {
    "x": 330.8,
    "y": 1425.6000000000001
  },
  "JC1KLIHJG3GGGG2G6G3I4GA8AE2AA3AAADB2FCBD[b]": {
    "x": 490.8,
    "y": 1425.6000000000001
  },
  "JH1KLIHJGG2GGGG2G8G1I5A1C6A3AAA2AAADB1EFCBD[w]": {
    "x": 410.8,
    "y": 777.6000000000001
  },
  "JH1KLIHJGG2GGGG2G8G1I4AA1C6A3AA3AAADB1EFCBD[b]": {
    "x": 410.8,
    "y": 907.2
  },
  "J1IKLIHJGGG1G1GG2H2G5G7A1C6AB2AAA2AAADB1EFC1D[b]": {
    "x": 330.8,
    "y": 907.2
  },
  "JHIKLIHJGGG3GG92GG2E5C6A3AAA2AAADB2FCBD[b]": {
    "x": 10.8,
    "y": 1166.4
  },
  "JHIKLIHJGGG4G6G4GG2E5C6A3AAA2AAADB2FCBD[w]": {
    "x": 10.8,
    "y": 1296.0
  },
  "JH1KLI1JGGG1GGGG5H5G1I4AA1C6A3AA3AAADB1EFCBD[b]": {
    "x": 90.8,
    "y": 907.2
  },
  "JHIKLIHJGGGGGGGG991A93AAA1AAAADBCEFCBD[b]": {
    "x": 330.8,
    "y": 129.5999999999999
  },
  "JHIKLIHJGGG1GGGG92G7A93AAA1AAAADBCEFCBD[w]": {
    "x": 330.8,
    "y": 259.2000000000003
  },
  "JHIKL1HJGGG2GEG4G6G7A1I6A3AAA2AAADB2FCBD[b]": {
    "x": 570.8,
    "y": 1166.4
  },
  "J1I1LI1JGG3GGG5H2KBGGA94A1A3AA3AAAD2EFCBD[b]": {
    "x": 170.8,
    "y": 1944.0
  },
  "J1I1LI1JGG3GGG9BGKA7H7A3AAA2AAAD3FCBD[w]": {
    "x": 250.8,
    "y": 2073.6000000000004
  },
  "J1I1LI1JGGB2GGG91GKA7H7A3AAA2AAAD3FCBD[b]": {
    "x": 250.8,
    "y": 2203.2
  },
  "J1IL1I1JGGB2GGG91GKA7H7A3AAA2AAAD3FCBD[w]": {
    "x": 250.8,
    "y": 2332.8
  },
  "J1IKLIHJGGG3GG92GH8C6A3AAA2AAADB1EFC1D[w]": {
    "x": 330.8,
    "y": 1555.2
  },
  "JH1KLIHJGG3GGG2G1G6G1I4AA1C6A3AA3AAADB1EFCBD[w]": {
    "x": 410.8,
    "y": 1036.8000000000002
  },
  "JHIKLIHJGGG3GG5G5GA8C6A3AAA2AAADB1EFCBD[b]": {
    "x": 10.8,
    "y": 907.2
  },
  "J1IKLI1JGG3GGG9BGEA7H7A3AAA2AAAD3FCBD[b]": {
    "x": 250.8,
    "y": 1944.0
  },
  "J1IKLI1JGG3GGG2H2H3BGGG6A1C6A3AAA2AAAD2EFCBD[w]": {
    "x": 250.8,
    "y": 1296.0
  },